subjectID,trialID,currentTime,eventType,stimType,stimFile,stimChar
e01,4,1482142628297,trialStart,easy,easy_2_23_80_62373,
e01,,1482142628699,charShow,,,a
e01,,1482142629100,charShow,,,a
e01,,1482142629234,screenTap,,,
e01,,1482142629499,charShow,,,b
e01,,1482142629900,charShow,,,a
e01,,1482142629974,screenTap,,,
e01,,1482142630299,charShow,,,a
e01,,1482142630699,charShow,,,b
e01,,1482142631032,screenTap,,,
e01,,1482142631100,charShow,,,a
e01,,1482142631500,charShow,,,b
e01,,1482142631899,charShow,,,a
e01,,1482142631907,screenTap,,,
e01,,1482142632300,charShow,,,a
e01,,1482142632700,charShow,,,b
e01,,1482142633029,screenTap,,,
e01,,1482142633099,charShow,,,a
e01,,1482142633500,charShow,,,a
e01,,1482142633900,charShow,,,b
e01,,1482142634229,screenTap,,,
e01,,1482142634299,charShow,,,a
e01,,1482142634700,charShow,,,b
e01,,1482142635100,charShow,,,a
e01,,1482142635125,screenTap,,,
e01,,1482142635500,charShow,,,a
e01,,1482142635899,charShow,,,b
e01,,1482142636244,screenTap,,,
e01,,1482142636299,charShow,,,a
e01,,1482142636699,charShow,,,a
e01,,1482142637100,charShow,,,b
e01,,1482142637500,charShow,,,a
e01,,1482142637721,screenTap,,,
e01,,1482142637900,charShow,,,b
e01,,1482142638299,charShow,,,a
e01,,1482142638394,screenTap,,,
e01,,1482142638700,charShow,,,a
e01,,1482142639099,charShow,,,b
e01,,1482142639443,screenTap,,,
e01,,1482142639500,charShow,,,a
e01,,1482142639899,charShow,,,a
e01,,1482142640300,charShow,,,b
e01,,1482142640641,screenTap,,,
e01,,1482142640700,charShow,,,a
e01,,1482142641101,charShow,,,b
e01,,1482142641484,screenTap,,,
e01,,1482142641500,charShow,,,a
e01,,1482142641901,charShow,,,a
e01,,1482142642301,charShow,,,b
e01,,1482142642640,screenTap,,,
e01,,1482142642701,charShow,,,a
e01,,1482142643101,charShow,,,a
e01,,1482142643500,charShow,,,b
e01,,1482142643858,screenTap,,,
e01,,1482142643900,charShow,,,a
e01,,1482142644301,charShow,,,b
e01,,1482142644701,charShow,,,a
e01,,1482142644726,screenTap,,,
e01,,1482142645101,charShow,,,a
e01,,1482142645501,charShow,,,b
e01,,1482142645864,screenTap,,,
e01,,1482142645900,charShow,,,a
e01,,1482142646301,charShow,,,a
e01,,1482142646701,charShow,,,b
e01,,1482142647015,screenTap,,,
e01,,1482142647100,charShow,,,a
e01,,1482142647500,charShow,,,b
e01,,1482142647851,screenTap,,,
e01,,1482142647900,charShow,,,a
e01,,1482142648301,charShow,,,a
e01,,1482142648703,charShow,,,b
e01,,1482142649060,screenTap,,,
e01,,1482142649100,charShow,,,a
e01,,1482142649500,charShow,,,a
e01,,1482142649901,charShow,,,b
e01,,1482142650300,charShow,,,a
e01,,1482142650321,screenTap,,,
e01,,1482142650701,charShow,,,b
e01,,1482142651100,charShow,,,a
e01,,1482142651146,screenTap,,,
e01,,1482142651501,charShow,,,a
e01,,1482142651900,charShow,,,b
e01,,1482142652263,screenTap,,,
e01,,1482142652299,charShow,,,a
e01,,1482142652700,charShow,,,a
e01,,1482142653101,charShow,,,b
e01,,1482142653491,screenTap,,,
e01,,1482142653505,charShow,,,a
e01,,1482142653900,charShow,,,b
e01,,1482142654299,charShow,,,a
e01,,1482142654360,screenTap,,,
e01,,1482142654701,charShow,,,a
e01,,1482142655101,charShow,,,b
e01,,1482142655464,screenTap,,,
e01,,1482142655500,charShow,,,a
e01,,1482142655901,charShow,,,a
e01,,1482142656300,charShow,,,b
e01,,1482142656701,charShow,,,a
e01,,1482142656707,screenTap,,,
e01,,1482142657100,charShow,,,b
e01,,1482142657501,charShow,,,a
e01,,1482142657648,screenTap,,,
e01,,1482142657901,charShow,,,a
e01,,1482142658300,charShow,,,b
e01,,1482142658654,screenTap,,,
e01,,1482142658700,charShow,,,a
e01,,1482142659102,charShow,,,a
e01,,1482142659501,charShow,,,b
e01,,1482142659825,screenTap,,,
e01,,1482142659900,charShow,,,a
e01,,1482142660300,charShow,,,b
e01,,1482142660831,screenTap,,,
e01,5,1482142662172,trialStart,lsys,lsys_2_23_80_49340,
e01,,1482142662574,charShow,,,a
e01,,1482142662975,charShow,,,b
e01,,1482142663326,screenTap,,,
e01,,1482142663374,charShow,,,a
e01,,1482142663775,charShow,,,b
e01,,1482142664177,charShow,,,a
e01,,1482142664179,screenTap,,,
e01,,1482142664575,charShow,,,a
e01,,1482142664974,charShow,,,b
e01,,1482142665326,screenTap,,,
e01,,1482142665374,charShow,,,a
e01,,1482142665774,charShow,,,b
e01,,1482142666174,charShow,,,a
e01,,1482142666195,screenTap,,,
e01,,1482142666575,charShow,,,a
e01,,1482142666975,charShow,,,b
e01,,1482142667310,screenTap,,,
e01,,1482142667374,charShow,,,a
e01,,1482142667774,charShow,,,a
e01,,1482142668174,charShow,,,b
e01,,1482142668557,screenTap,,,
e01,,1482142668574,charShow,,,a
e01,,1482142668974,charShow,,,b
e01,,1482142669375,charShow,,,a
e01,,1482142669398,screenTap,,,
e01,,1482142669775,charShow,,,a
e01,,1482142670175,charShow,,,b
e01,,1482142670547,screenTap,,,
e01,,1482142670574,charShow,,,a
e01,,1482142670974,charShow,,,a
e01,,1482142671375,charShow,,,b
e01,,1482142671729,screenTap,,,
e01,,1482142671774,charShow,,,a
e01,,1482142672175,charShow,,,b
e01,,1482142672575,charShow,,,a
e01,,1482142672600,screenTap,,,
e01,,1482142672975,charShow,,,a
e01,,1482142673374,charShow,,,b
e01,,1482142673689,screenTap,,,
e01,,1482142673774,charShow,,,a
e01,,1482142674174,charShow,,,b
e01,,1482142674561,screenTap,,,
e01,,1482142674579,charShow,,,a
e01,,1482142674975,charShow,,,a
e01,,1482142675375,charShow,,,b
e01,,1482142675688,screenTap,,,
e01,,1482142675774,charShow,,,a
e01,,1482142676174,charShow,,,a
e01,,1482142676574,charShow,,,b
e01,,1482142676919,screenTap,,,
e01,,1482142676974,charShow,,,a
e01,,1482142677375,charShow,,,b
e01,,1482142677775,charShow,,,a
e01,,1482142677874,screenTap,,,
e01,,1482142678174,charShow,,,a
e01,,1482142678574,charShow,,,b
e01,,1482142678901,screenTap,,,
e01,,1482142678975,charShow,,,a
e01,,1482142679375,charShow,,,b
e01,,1482142679774,charShow,,,a
e01,,1482142679822,screenTap,,,
e01,,1482142680174,charShow,,,a
e01,,1482142680575,charShow,,,b
e01,,1482142680926,screenTap,,,
e01,,1482142680974,charShow,,,a
e01,,1482142681375,charShow,,,a
e01,,1482142681774,charShow,,,b
e01,,1482142682085,screenTap,,,
e01,,1482142682174,charShow,,,a
e01,,1482142682574,charShow,,,b
e01,,1482142682974,charShow,,,a
e01,,1482142683018,screenTap,,,
e01,,1482142683376,charShow,,,a
e01,,1482142683775,charShow,,,b
e01,,1482142684140,screenTap,,,
e01,,1482142684174,charShow,,,a
e01,,1482142684575,charShow,,,a
e01,,1482142684975,charShow,,,b
e01,,1482142685353,screenTap,,,
e01,,1482142685374,charShow,,,a
e01,,1482142685774,charShow,,,b
e01,,1482142686175,charShow,,,a
e01,,1482142686252,screenTap,,,
e01,,1482142686575,charShow,,,a
e01,,1482142686974,charShow,,,b
e01,,1482142687350,screenTap,,,
e01,,1482142687376,charShow,,,a
e01,,1482142687775,charShow,,,b
e01,,1482142688155,screenTap,,,
e01,,1482142688173,charShow,,,a
e01,,1482142688575,charShow,,,a
e01,,1482142688974,charShow,,,b
e01,,1482142689278,screenTap,,,
e01,,1482142689374,charShow,,,a
e01,,1482142689775,charShow,,,a
e01,,1482142690175,charShow,,,b
e01,,1482142690494,screenTap,,,
e01,,1482142690575,charShow,,,a
e01,,1482142690974,charShow,,,b
e01,,1482142691357,screenTap,,,
e01,,1482142691374,charShow,,,a
e01,,1482142691774,charShow,,,a
e01,,1482142692175,charShow,,,b
e01,,1482142692511,screenTap,,,
e01,,1482142692574,charShow,,,a
e01,,1482142692976,charShow,,,a
e01,,1482142693375,charShow,,,b
e01,,1482142693675,screenTap,,,
e01,,1482142693775,charShow,,,a
e01,,1482142694176,charShow,,,b
e01,,1482142694681,screenTap,,,
e01,6,1482142695820,trialStart,easy,easy_3_23_80_51629,
e01,,1482142696223,charShow,,,a
e01,,1482142696623,charShow,,,a
e01,,1482142696856,screenTap,,,
e01,,1482142697023,charShow,,,b
e01,,1482142697424,charShow,,,a
e01,,1482142697656,screenTap,,,
e01,,1482142697823,charShow,,,a
e01,,1482142698223,charShow,,,b
e01,,1482142698593,screenTap,,,
e01,,1482142698623,charShow,,,a
e01,,1482142699024,charShow,,,b
e01,,1482142699415,screenTap,,,
e01,,1482142699432,charShow,,,a
e01,,1482142699823,charShow,,,a
e01,,1482142700225,charShow,,,b
e01,,1482142700393,screenTap,,,
e01,,1482142700624,charShow,,,a
e01,,1482142701024,charShow,,,a
e01,,1482142701424,charShow,,,b
e01,,1482142701780,screenTap,,,
e01,,1482142701823,charShow,,,a
e01,,1482142702224,charShow,,,b
e01,,1482142702624,charShow,,,a
e01,,1482142702973,screenTap,,,
e01,,1482142703024,charShow,,,a
e01,,1482142703424,charShow,,,b
e01,,1482142703823,charShow,,,a
e01,,1482142703894,screenTap,,,
e01,,1482142704224,charShow,,,a
e01,,1482142704624,charShow,,,b
e01,,1482142705023,charShow,,,a
e01,,1482142705078,screenTap,,,
e01,,1482142705423,charShow,,,b
e01,,1482142705823,charShow,,,a
e01,,1482142705975,screenTap,,,
e01,,1482142706224,charShow,,,a
e01,,1482142706623,charShow,,,b
e01,,1482142707005,screenTap,,,
e01,,1482142707023,charShow,,,a
e01,,1482142707424,charShow,,,a
e01,,1482142707824,charShow,,,b
e01,,1482142708186,screenTap,,,
e01,,1482142708223,charShow,,,a
e01,,1482142708624,charShow,,,b
e01,,1482142709024,charShow,,,a
e01,,1482142709165,screenTap,,,
e01,,1482142709424,charShow,,,a
e01,,1482142709824,charShow,,,b
e01,,1482142710173,screenTap,,,
e01,,1482142710223,charShow,,,a
e01,,1482142710624,charShow,,,a
e01,,1482142711023,charShow,,,b
e01,,1482142711404,screenTap,,,
e01,,1482142711423,charShow,,,a
e01,,1482142711824,charShow,,,b
e01,,1482142712223,charShow,,,a
e01,,1482142712266,screenTap,,,
e01,,1482142712624,charShow,,,a
e01,,1482142713023,charShow,,,b
e01,,1482142713397,screenTap,,,
e01,,1482142713423,charShow,,,a
e01,,1482142713825,charShow,,,a
e01,,1482142714224,charShow,,,b
e01,,1482142714610,screenTap,,,
e01,,1482142714626,charShow,,,a
e01,,1482142715024,charShow,,,b
e01,,1482142715424,charShow,,,a
e01,,1482142715481,screenTap,,,
e01,,1482142715825,charShow,,,a
e01,,1482142716224,charShow,,,b
e01,,1482142716524,screenTap,,,
e01,,1482142716625,charShow,,,a
e01,,1482142717024,charShow,,,a
e01,,1482142717425,charShow,,,b
e01,,1482142717747,screenTap,,,
e01,,1482142717824,charShow,,,a
e01,,1482142718225,charShow,,,b
e01,,1482142718624,charShow,,,a
e01,,1482142718672,screenTap,,,
e01,,1482142719027,charShow,,,a
e01,,1482142719425,charShow,,,b
e01,,1482142719756,screenTap,,,
e01,,1482142719825,charShow,,,a
e01,,1482142720225,charShow,,,a
e01,,1482142720625,charShow,,,b
e01,,1482142721000,screenTap,,,
e01,,1482142721024,charShow,,,a
e01,,1482142721424,charShow,,,b
e01,,1482142721825,charShow,,,a
e01,,1482142722002,screenTap,,,
e01,,1482142722225,charShow,,,a
e01,,1482142722624,charShow,,,b
e01,,1482142722981,screenTap,,,
e01,,1482142723024,charShow,,,a
e01,,1482142723425,charShow,,,a
e01,,1482142723824,charShow,,,b
e01,,1482142724175,screenTap,,,
e01,,1482142724224,charShow,,,a
e01,,1482142724624,charShow,,,b
e01,,1482142725024,charShow,,,a
e01,,1482142725056,screenTap,,,
e01,,1482142725424,charShow,,,a
e01,,1482142725825,charShow,,,b
e01,,1482142726167,screenTap,,,
e01,,1482142726224,charShow,,,a
e01,,1482142726625,charShow,,,a
e01,,1482142727024,charShow,,,b
e01,,1482142727375,screenTap,,,
e01,,1482142727424,charShow,,,a
e01,,1482142727824,charShow,,,b
e01,,1482142728358,screenTap,,,
e01,7,1482142729499,trialStart,golden,golden_2_23_80_17241,
e01,,1482142729913,charShow,,,b
e01,,1482142730313,charShow,,,a
e01,,1482142730662,screenTap,,,
e01,,1482142730713,charShow,,,a
e01,,1482142731115,charShow,,,b
e01,,1482142731514,charShow,,,a
e01,,1482142731528,screenTap,,,
e01,,1482142731913,charShow,,,b
e01,,1482142732301,screenTap,,,
e01,,1482142732314,charShow,,,a
e01,,1482142732714,charShow,,,a
e01,,1482142733113,charShow,,,b
e01,,1482142733445,screenTap,,,
e01,,1482142733513,charShow,,,a
e01,,1482142733914,charShow,,,b
e01,,1482142734299,screenTap,,,
e01,,1482142734313,charShow,,,a
e01,,1482142734713,charShow,,,a
e01,,1482142735113,charShow,,,b
e01,,1482142735434,screenTap,,,
e01,,1482142735514,charShow,,,a
e01,,1482142735914,charShow,,,a
e01,,1482142736314,charShow,,,b
e01,,1482142736652,screenTap,,,
e01,,1482142736713,charShow,,,a
e01,,1482142737113,charShow,,,a
e01,,1482142737514,charShow,,,b
e01,,1482142737887,screenTap,,,
e01,,1482142737915,charShow,,,a
e01,,1482142738314,charShow,,,a
e01,,1482142738714,charShow,,,b
e01,,1482142739055,screenTap,,,
e01,,1482142739113,charShow,,,a
e01,,1482142739513,charShow,,,b
e01,,1482142739913,charShow,,,a
e01,,1482142739970,screenTap,,,
e01,,1482142740314,charShow,,,a
e01,,1482142740714,charShow,,,b
e01,,1482142741068,screenTap,,,
e01,,1482142741113,charShow,,,a
e01,,1482142741515,charShow,,,a
e01,,1482142741914,charShow,,,b
e01,,1482142742246,screenTap,,,
e01,,1482142742313,charShow,,,a
e01,,1482142742714,charShow,,,a
e01,,1482142743114,charShow,,,b
e01,,1482142743480,screenTap,,,
e01,,1482142743514,charShow,,,a
e01,,1482142743914,charShow,,,b
e01,,1482142744313,charShow,,,a
e01,,1482142744393,screenTap,,,
e01,,1482142744713,charShow,,,b
e01,,1482142745113,charShow,,,a
e01,,1482142745151,screenTap,,,
e01,,1482142745514,charShow,,,a
e01,,1482142745914,charShow,,,b
e01,,1482142746260,screenTap,,,
e01,,1482142746314,charShow,,,a
e01,,1482142746714,charShow,,,a
e01,,1482142747114,charShow,,,b
e01,,1482142747384,screenTap,,,
e01,,1482142747514,charShow,,,a
e01,,1482142747913,charShow,,,b
e01,,1482142748313,charShow,,,a
e01,,1482142748355,screenTap,,,
e01,,1482142748714,charShow,,,a
e01,,1482142749114,charShow,,,b
e01,,1482142749414,screenTap,,,
e01,,1482142749513,charShow,,,a
e01,,1482142749913,charShow,,,b
e01,,1482142750303,screenTap,,,
e01,,1482142750313,charShow,,,a
e01,,1482142750713,charShow,,,a
e01,,1482142751114,charShow,,,b
e01,,1482142751394,screenTap,,,
e01,,1482142751514,charShow,,,a
e01,,1482142751914,charShow,,,a
e01,,1482142752313,charShow,,,b
e01,,1482142752701,screenTap,,,
e01,,1482142752716,charShow,,,a
e01,,1482142753114,charShow,,,b
e01,,1482142753512,charShow,,,a
e01,,1482142753564,screenTap,,,
e01,,1482142753913,charShow,,,b
e01,,1482142754313,charShow,,,a
e01,,1482142754355,screenTap,,,
e01,,1482142754714,charShow,,,a
e01,,1482142755114,charShow,,,b
e01,,1482142755408,screenTap,,,
e01,,1482142755527,charShow,,,a
e01,,1482142755913,charShow,,,a
e01,,1482142756314,charShow,,,b
e01,,1482142756673,screenTap,,,
e01,,1482142756713,charShow,,,a
e01,,1482142757114,charShow,,,b
e01,,1482142757513,charShow,,,a
e01,,1482142757545,screenTap,,,
e01,,1482142757914,charShow,,,b
e01,,1482142758294,screenTap,,,
e01,,1482142758313,charShow,,,a
e01,,1482142758715,charShow,,,a
e01,,1482142759114,charShow,,,b
e01,,1482142759474,screenTap,,,
e01,,1482142759513,charShow,,,a
e01,,1482142759914,charShow,,,a
e01,,1482142760314,charShow,,,b
e01,,1482142760637,screenTap,,,
e01,,1482142760713,charShow,,,a
e01,,1482142761114,charShow,,,a
e01,,1482142761513,charShow,,,b
e01,,1482142761873,screenTap,,,
e01,8,1482142763096,trialStart,golden,golden_1_23_80_24219,
e01,,1482142763498,charShow,,,a
e01,,1482142763898,charShow,,,b
e01,,1482142764298,charShow,,,a
e01,,1482142764312,screenTap,,,
e01,,1482142764699,charShow,,,a
e01,,1482142765099,charShow,,,b
e01,,1482142765401,screenTap,,,
e01,,1482142765498,charShow,,,a
e01,,1482142765899,charShow,,,a
e01,,1482142766299,charShow,,,b
e01,,1482142766640,screenTap,,,
e01,,1482142766699,charShow,,,a
e01,,1482142767098,charShow,,,a
e01,,1482142767498,charShow,,,b
e01,,1482142767856,screenTap,,,
e01,,1482142767898,charShow,,,a
e01,,1482142768298,charShow,,,b
e01,,1482142768698,charShow,,,a
e01,,1482142768772,screenTap,,,
e01,,1482142769098,charShow,,,a
e01,,1482142769499,charShow,,,b
e01,,1482142769892,screenTap,,,
e01,,1482142769898,charShow,,,a
e01,,1482142770299,charShow,,,b
e01,,1482142770699,charShow,,,a
e01,,1482142770892,screenTap,,,
e01,,1482142771098,charShow,,,a
e01,,1482142771500,charShow,,,b
e01,,1482142771886,screenTap,,,
e01,,1482142771898,charShow,,,a
e01,,1482142772299,charShow,,,a
e01,,1482142772698,charShow,,,b
e01,,1482142773035,screenTap,,,
e01,,1482142773099,charShow,,,a
e01,,1482142773499,charShow,,,a
e01,,1482142773898,charShow,,,b
e01,,1482142774229,screenTap,,,
e01,,1482142774300,charShow,,,a
e01,,1482142774699,charShow,,,a
e01,,1482142775098,charShow,,,b
e01,,1482142775437,screenTap,,,
e01,,1482142775498,charShow,,,a
e01,,1482142775898,charShow,,,b
e01,,1482142776298,charShow,,,a
e01,,1482142776329,screenTap,,,
e01,,1482142776699,charShow,,,a
e01,,1482142777099,charShow,,,b
e01,,1482142777423,screenTap,,,
e01,,1482142777498,charShow,,,a
e01,,1482142777898,charShow,,,b
e01,,1482142778294,screenTap,,,
e01,,1482142778298,charShow,,,a
e01,,1482142778699,charShow,,,b
e01,,1482142779099,charShow,,,a
e01,,1482142779123,screenTap,,,
e01,,1482142779498,charShow,,,a
e01,,1482142779899,charShow,,,b
e01,,1482142780261,screenTap,,,
e01,,1482142780299,charShow,,,a
e01,,1482142780699,charShow,,,a
e01,,1482142781098,charShow,,,b
e01,,1482142781437,screenTap,,,
e01,,1482142781499,charShow,,,a
e01,,1482142781898,charShow,,,b
e01,,1482142782299,charShow,,,a
e01,,1482142782328,screenTap,,,
e01,,1482142782699,charShow,,,a
e01,,1482142783099,charShow,,,b
e01,,1482142783412,screenTap,,,
e01,,1482142783499,charShow,,,a
e01,,1482142783899,charShow,,,b
e01,,1482142784299,charShow,,,a
e01,,1482142784432,screenTap,,,
e01,,1482142784699,charShow,,,b
e01,,1482142785099,charShow,,,a
e01,,1482142785249,screenTap,,,
e01,,1482142785499,charShow,,,a
e01,,1482142785900,charShow,,,b
e01,,1482142786243,screenTap,,,
e01,,1482142786300,charShow,,,a
e01,,1482142786700,charShow,,,a
e01,,1482142787100,charShow,,,b
e01,,1482142787451,screenTap,,,
e01,,1482142787499,charShow,,,a
e01,,1482142787900,charShow,,,a
e01,,1482142788299,charShow,,,b
e01,,1482142788623,screenTap,,,
e01,,1482142788699,charShow,,,a
e01,,1482142789100,charShow,,,a
e01,,1482142789499,charShow,,,b
e01,,1482142789824,screenTap,,,
e01,,1482142789899,charShow,,,a
e01,,1482142790299,charShow,,,b
e01,,1482142790700,charShow,,,a
e01,,1482142790851,screenTap,,,
e01,,1482142791099,charShow,,,a
e01,,1482142791500,charShow,,,b
e01,,1482142791845,screenTap,,,
e01,,1482142791898,charShow,,,a
e01,,1482142792300,charShow,,,b
e01,,1482142792692,screenTap,,,
e01,,1482142792705,charShow,,,a
e01,,1482142793100,charShow,,,a
e01,,1482142793501,charShow,,,b
e01,,1482142793802,screenTap,,,
e01,,1482142793899,charShow,,,a
e01,,1482142794299,charShow,,,b
e01,,1482142794699,charShow,,,a
e01,,1482142794716,screenTap,,,
e01,,1482142795099,charShow,,,a
e01,9,1482142796664,trialStart,lsys,lsys_3_23_80_23074,
e01,,1482142797066,charShow,,,b
e01,,1482142797466,charShow,,,a
e01,,1482142797867,charShow,,,b
e01,,1482142797876,screenTap,,,
e01,,1482142798267,charShow,,,a
e01,,1482142798665,screenTap,,,
e01,,1482142798668,charShow,,,a
e01,,1482142799068,charShow,,,b
e01,,1482142799461,screenTap,,,
e01,,1482142799474,charShow,,,a
e01,,1482142799866,charShow,,,a
e01,,1482142800266,charShow,,,b
e01,,1482142800602,screenTap,,,
e01,,1482142800666,charShow,,,a
e01,,1482142801068,charShow,,,b
e01,,1482142801466,charShow,,,a
e01,,1482142801512,screenTap,,,
e01,,1482142801868,charShow,,,a
e01,,1482142802266,charShow,,,b
e01,,1482142802577,screenTap,,,
e01,,1482142802666,charShow,,,a
e01,,1482142803067,charShow,,,a
e01,,1482142803467,charShow,,,b
e01,,1482142803757,screenTap,,,
e01,,1482142803866,charShow,,,a
e01,,1482142804267,charShow,,,b
e01,,1482142804667,charShow,,,a
e01,,1482142804741,screenTap,,,
e01,,1482142805067,charShow,,,a
e01,,1482142805466,charShow,,,b
e01,,1482142805707,screenTap,,,
e01,,1482142805866,charShow,,,a
e01,,1482142806266,charShow,,,b
e01,,1482142806667,charShow,,,a
e01,,1482142806700,screenTap,,,
e01,,1482142807067,charShow,,,a
e01,,1482142807467,charShow,,,b
e01,,1482142807797,screenTap,,,
e01,,1482142807866,charShow,,,a
e01,,1482142808266,charShow,,,a
e01,,1482142808667,charShow,,,b
e01,,1482142808977,screenTap,,,
e01,,1482142809066,charShow,,,a
e01,,1482142809466,charShow,,,b
e01,,1482142809866,screenTap,,,
e01,,1482142809868,charShow,,,a
e01,,1482142810267,charShow,,,a
e01,,1482142810668,charShow,,,b
e01,,1482142810934,screenTap,,,
e01,,1482142811067,charShow,,,a
e01,,1482142811467,charShow,,,a
e01,,1482142811866,charShow,,,b
e01,,1482142812266,charShow,,,a
e01,,1482142812269,screenTap,,,
e01,,1482142812667,charShow,,,b
e01,,1482142813067,charShow,,,a
e01,,1482142813277,screenTap,,,
e01,,1482142813466,charShow,,,a
e01,,1482142813868,charShow,,,b
e01,,1482142814075,screenTap,,,
e01,,1482142814266,charShow,,,a
e01,,1482142814666,charShow,,,b
e01,,1482142815051,screenTap,,,
e01,,1482142815066,charShow,,,a
e01,,1482142815466,charShow,,,a
e01,,1482142815867,charShow,,,b
e01,,1482142816194,screenTap,,,
e01,,1482142816265,charShow,,,a
e01,,1482142816667,charShow,,,a
e01,,1482142817067,charShow,,,b
e01,,1482142817398,screenTap,,,
e01,,1482142817467,charShow,,,a
e01,,1482142817866,charShow,,,b
e01,,1482142818266,charShow,,,a
e01,,1482142818275,screenTap,,,
e01,,1482142818666,charShow,,,a
e01,,1482142819067,charShow,,,b
e01,,1482142819327,screenTap,,,
e01,,1482142819467,charShow,,,a
e01,,1482142819867,charShow,,,b
e01,,1482142820266,charShow,,,a
e01,,1482142820293,screenTap,,,
e01,,1482142820667,charShow,,,a
e01,,1482142821066,charShow,,,b
e01,,1482142821442,screenTap,,,
e01,,1482142821468,charShow,,,a
e01,,1482142821866,charShow,,,a
e01,,1482142822266,charShow,,,b
e01,,1482142822621,screenTap,,,
e01,,1482142822666,charShow,,,a
e01,,1482142823067,charShow,,,b
e01,,1482142823466,charShow,,,a
e01,,1482142823570,screenTap,,,
e01,,1482142823867,charShow,,,a
e01,,1482142824268,charShow,,,b
e01,,1482142824610,screenTap,,,
e01,,1482142824666,charShow,,,a
e01,,1482142825066,charShow,,,a
e01,,1482142825467,charShow,,,b
e01,,1482142825866,charShow,,,a
e01,,1482142825923,screenTap,,,
e01,,1482142826267,charShow,,,b
e01,,1482142826666,charShow,,,a
e01,,1482142826781,screenTap,,,
e01,,1482142827066,charShow,,,a
e01,,1482142827467,charShow,,,b
e01,,1482142827800,screenTap,,,
e01,,1482142827867,charShow,,,a
e01,,1482142828266,charShow,,,b
e01,,1482142828641,screenTap,,,
e01,,1482142828666,charShow,,,a
e01,10,1482142830253,trialStart,golden,golden_3_23_80_62577,
e01,,1482142830653,charShow,,,a
e01,,1482142831055,charShow,,,b
e01,,1482142831442,screenTap,,,
e01,,1482142831456,charShow,,,a
e01,,1482142831855,charShow,,,a
e01,,1482142832255,charShow,,,b
e01,,1482142832586,screenTap,,,
e01,,1482142832654,charShow,,,a
e01,,1482142833055,charShow,,,a
e01,,1482142833455,charShow,,,b
e01,,1482142833725,screenTap,,,
e01,,1482142833854,charShow,,,a
e01,,1482142834255,charShow,,,b
e01,,1482142834655,charShow,,,a
e01,,1482142834693,screenTap,,,
e01,,1482142835054,charShow,,,a
e01,,1482142835455,charShow,,,b
e01,,1482142835778,screenTap,,,
e01,,1482142835854,charShow,,,a
e01,,1482142836255,charShow,,,a
e01,,1482142836654,charShow,,,b
e01,,1482142837026,screenTap,,,
e01,,1482142837055,charShow,,,a
e01,,1482142837455,charShow,,,a
e01,,1482142837854,charShow,,,b
e01,,1482142838164,screenTap,,,
e01,,1482142838254,charShow,,,a
e01,,1482142838655,charShow,,,a
e01,,1482142839054,charShow,,,b
e01,,1482142839451,screenTap,,,
e01,,1482142839464,charShow,,,a
e01,,1482142839855,charShow,,,b
e01,,1482142840254,charShow,,,a
e01,,1482142840424,screenTap,,,
e01,,1482142840655,charShow,,,a
e01,,1482142841055,charShow,,,b
e01,,1482142841407,screenTap,,,
e01,,1482142841454,charShow,,,a
e01,,1482142841854,charShow,,,a
e01,,1482142842255,charShow,,,b
e01,,1482142842586,screenTap,,,
e01,,1482142842654,charShow,,,a
e01,,1482142843055,charShow,,,a
e01,,1482142843456,charShow,,,b
e01,,1482142843740,screenTap,,,
e01,,1482142843855,charShow,,,a
e01,,1482142844255,charShow,,,a
e01,,1482142844656,charShow,,,b
e01,,1482142845011,screenTap,,,
e01,,1482142845055,charShow,,,a
e01,,1482142845456,charShow,,,a
e01,,1482142845856,charShow,,,b
e01,,1482142846225,screenTap,,,
e01,,1482142846257,charShow,,,a
e01,,1482142846656,charShow,,,a
e01,,1482142847056,charShow,,,b
e01,,1482142847379,screenTap,,,
e01,,1482142847456,charShow,,,a
e01,,1482142847856,charShow,,,a
e01,,1482142848256,charShow,,,b
e01,,1482142848564,screenTap,,,
e01,,1482142848655,charShow,,,a
e01,,1482142849056,charShow,,,a
e01,,1482142849455,charShow,,,b
e01,,1482142849808,screenTap,,,
e01,,1482142849856,charShow,,,a
e01,,1482142850257,charShow,,,b
e01,,1482142850655,charShow,,,a
e01,,1482142850757,screenTap,,,
e01,,1482142851055,charShow,,,b
e01,,1482142851456,charShow,,,a
e01,,1482142851563,screenTap,,,
e01,,1482142851855,charShow,,,b
e01,,1482142852255,charShow,,,a
e01,,1482142852292,screenTap,,,
e01,,1482142852655,charShow,,,a
e01,,1482142853056,charShow,,,b
e01,,1482142853412,screenTap,,,
e01,,1482142853454,charShow,,,a
e01,,1482142853855,charShow,,,b
e01,,1482142854254,charShow,,,a
e01,,1482142854310,screenTap,,,
e01,,1482142854655,charShow,,,a
e01,,1482142855056,charShow,,,b
e01,,1482142855456,charShow,,,a
e01,,1482142855541,screenTap,,,
e01,,1482142855856,charShow,,,b
e01,,1482142856255,charShow,,,a
e01,,1482142856381,screenTap,,,
e01,,1482142856656,charShow,,,b
e01,,1482142857054,charShow,,,a
e01,,1482142857153,screenTap,,,
e01,,1482142857456,charShow,,,b
e01,,1482142857855,charShow,,,a
e01,,1482142857871,screenTap,,,
e01,,1482142858255,charShow,,,b
e01,,1482142858622,screenTap,,,
e01,,1482142858655,charShow,,,a
e01,,1482142859055,charShow,,,b
e01,,1482142859402,screenTap,,,
e01,,1482142859455,charShow,,,a
e01,,1482142859855,charShow,,,b
e01,,1482142860254,screenTap,,,
e01,,1482142860256,charShow,,,a
e01,,1482142860656,charShow,,,a
e01,,1482142861056,charShow,,,b
e01,,1482142861456,charShow,,,a
e01,,1482142861643,screenTap,,,
e01,,1482142861856,charShow,,,a
e01,,1482142862255,charShow,,,b
e01,,1482142862598,screenTap,,,
e01,11,1482142863994,trialStart,lsys,lsys_4_23_80_1696,
e01,,1482142864396,charShow,,,a
e01,,1482142864797,charShow,,,a
e01,,1482142864901,screenTap,,,
e01,,1482142865197,charShow,,,b
e01,,1482142865596,charShow,,,a
e01,,1482142865650,screenTap,,,
e01,,1482142865996,charShow,,,b
e01,,1482142866396,charShow,,,a
e01,,1482142866451,screenTap,,,
e01,,1482142866796,charShow,,,a
e01,,1482142867196,charShow,,,b
e01,,1482142867350,screenTap,,,
e01,,1482142867596,charShow,,,a
e01,,1482142867997,charShow,,,b
e01,,1482142868396,charShow,,,a
e01,,1482142868401,screenTap,,,
e01,,1482142868797,charShow,,,a
e01,,1482142869197,charShow,,,b
e01,,1482142869546,screenTap,,,
e01,,1482142869596,charShow,,,a
e01,,1482142869996,charShow,,,a
e01,,1482142870397,charShow,,,b
e01,,1482142870726,screenTap,,,
e01,,1482142870796,charShow,,,a
e01,,1482142871197,charShow,,,b
e01,,1482142871596,charShow,,,a
e01,,1482142871627,screenTap,,,
e01,,1482142871996,charShow,,,a
e01,,1482142872398,charShow,,,b
e01,,1482142872699,screenTap,,,
e01,,1482142872796,charShow,,,a
e01,,1482142873197,charShow,,,a
e01,,1482142873597,charShow,,,b
e01,,1482142873929,screenTap,,,
e01,,1482142873996,charShow,,,a
e01,,1482142874396,charShow,,,b
e01,,1482142874797,charShow,,,a
e01,,1482142874921,screenTap,,,
e01,,1482142875196,charShow,,,a
e01,,1482142875597,charShow,,,b
e01,,1482142875890,screenTap,,,
e01,,1482142875996,charShow,,,a
e01,,1482142876396,charShow,,,b
e01,,1482142876796,charShow,,,a
e01,,1482142877199,charShow,,,a
e01,,1482142877598,charShow,,,b
e01,,1482142877739,screenTap,,,
e01,,1482142877996,charShow,,,a
e01,,1482142878396,charShow,,,a
e01,,1482142878796,charShow,,,b
e01,,1482142879027,screenTap,,,
e01,,1482142879196,charShow,,,a
e01,,1482142879597,charShow,,,b
e01,,1482142879997,charShow,,,a
e01,,1482142880008,screenTap,,,
e01,,1482142880398,charShow,,,a
e01,,1482142880798,charShow,,,b
e01,,1482142881194,screenTap,,,
e01,,1482142881197,charShow,,,a
e01,,1482142881598,charShow,,,b
e01,,1482142881997,charShow,,,a
e01,,1482142882109,screenTap,,,
e01,,1482142882397,charShow,,,a
e01,,1482142882798,charShow,,,b
e01,,1482142883170,screenTap,,,
e01,,1482142883197,charShow,,,a
e01,,1482142883597,charShow,,,a
e01,,1482142883998,charShow,,,b
e01,,1482142884340,screenTap,,,
e01,,1482142884397,charShow,,,a
e01,,1482142884798,charShow,,,b
e01,,1482142885200,charShow,,,a
e01,,1482142885229,screenTap,,,
e01,,1482142885602,charShow,,,a
e01,,1482142885998,charShow,,,b
e01,,1482142886313,screenTap,,,
e01,,1482142886400,charShow,,,a
e01,,1482142886797,charShow,,,a
e01,,1482142887197,charShow,,,b
e01,,1482142887444,screenTap,,,
e01,,1482142887597,charShow,,,a
e01,,1482142887998,charShow,,,b
e01,,1482142888398,charShow,,,a
e01,,1482142888414,screenTap,,,
e01,,1482142888797,charShow,,,a
e01,,1482142889198,charShow,,,b
e01,,1482142889490,screenTap,,,
e01,,1482142889602,charShow,,,a
e01,,1482142889998,charShow,,,b
e01,,1482142890372,screenTap,,,
e01,,1482142890398,charShow,,,a
e01,,1482142890798,charShow,,,a
e01,,1482142891198,charShow,,,b
e01,,1482142891503,screenTap,,,
e01,,1482142891598,charShow,,,a
e01,,1482142891999,charShow,,,a
e01,,1482142892398,charShow,,,b
e01,,1482142892679,screenTap,,,
e01,,1482142892799,charShow,,,a
e01,,1482142893198,charShow,,,b
e01,,1482142893597,charShow,,,a
e01,,1482142893614,screenTap,,,
e01,,1482142893998,charShow,,,a
e01,,1482142894398,charShow,,,b
e01,,1482142894691,screenTap,,,
e01,,1482142894800,charShow,,,a
e01,,1482142895198,charShow,,,a
e01,,1482142895598,charShow,,,b
e01,,1482142895972,screenTap,,,
e01,,1482142895997,charShow,,,a
e01,12,1482142898796,trialStart,easy,easy_4_23_80_25872,
e01,,1482142899198,charShow,,,a
e01,,1482142899599,charShow,,,a
e01,,1482142899805,screenTap,,,
e01,,1482142900000,charShow,,,b
e01,,1482142900398,charShow,,,a
e01,,1482142900445,screenTap,,,
e01,,1482142900800,charShow,,,a
e01,,1482142901200,charShow,,,b
e01,,1482142901481,screenTap,,,
e01,,1482142901602,charShow,,,a
e01,,1482142902000,charShow,,,b
e01,,1482142902378,screenTap,,,
e01,,1482142902399,charShow,,,a
e01,,1482142902800,charShow,,,a
e01,,1482142903199,charShow,,,b
e01,,1482142903501,screenTap,,,
e01,,1482142903600,charShow,,,a
e01,,1482142904001,charShow,,,a
e01,,1482142904400,charShow,,,b
e01,,1482142904721,screenTap,,,
e01,,1482142904800,charShow,,,a
e01,,1482142905200,charShow,,,b
e01,,1482142905577,screenTap,,,
e01,,1482142905599,charShow,,,a
e01,,1482142906001,charShow,,,a
e01,,1482142906399,charShow,,,b
e01,,1482142906692,screenTap,,,
e01,,1482142906803,charShow,,,a
e01,,1482142907199,charShow,,,a
e01,,1482142907600,charShow,,,b
e01,,1482142907935,screenTap,,,
e01,,1482142907999,charShow,,,a
e01,,1482142908400,charShow,,,b
e01,,1482142908799,charShow,,,a
e01,,1482142908832,screenTap,,,
e01,,1482142909200,charShow,,,a
e01,,1482142909600,charShow,,,b
e01,,1482142909999,charShow,,,a
e01,,1482142910017,screenTap,,,
e01,,1482142910399,charShow,,,a
e01,,1482142910800,charShow,,,b
e01,,1482142911200,charShow,,,a
e01,,1482142911202,screenTap,,,
e01,,1482142911599,charShow,,,b
e01,,1482142912000,charShow,,,a
e01,,1482142912224,screenTap,,,
e01,,1482142912399,charShow,,,a
e01,,1482142912800,charShow,,,b
e01,,1482142913144,screenTap,,,
e01,,1482142913199,charShow,,,a
e01,,1482142913600,charShow,,,a
e01,,1482142914000,charShow,,,b
e01,,1482142914227,screenTap,,,
e01,,1482142914400,charShow,,,a
e01,,1482142914799,charShow,,,b
e01,,1482142915173,screenTap,,,
e01,,1482142915198,charShow,,,a
e01,,1482142915601,charShow,,,a
e01,,1482142915999,charShow,,,b
e01,,1482142916282,screenTap,,,
e01,,1482142916400,charShow,,,a
e01,,1482142916800,charShow,,,a
e01,,1482142917200,charShow,,,b
e01,,1482142917548,screenTap,,,
e01,,1482142917600,charShow,,,a
e01,,1482142918000,charShow,,,b
e01,,1482142918400,charShow,,,a
e01,,1482142918452,screenTap,,,
e01,,1482142918800,charShow,,,a
e01,,1482142919200,charShow,,,b
e01,,1482142919546,screenTap,,,
e01,,1482142919599,charShow,,,a
e01,,1482142920000,charShow,,,a
e01,,1482142920399,charShow,,,b
e01,,1482142920782,screenTap,,,
e01,,1482142920799,charShow,,,a
e01,,1482142921200,charShow,,,b
e01,,1482142921599,charShow,,,a
e01,,1482142921735,screenTap,,,
e01,,1482142921999,charShow,,,a
e01,,1482142922400,charShow,,,b
e01,,1482142922800,screenTap,,,
e01,,1482142922801,charShow,,,a
e01,,1482142923200,charShow,,,a
e01,,1482142923601,charShow,,,b
e01,,1482142923864,screenTap,,,
e01,,1482142924001,charShow,,,a
e01,,1482142924400,charShow,,,b
e01,,1482142924800,charShow,,,a
e01,,1482142924823,screenTap,,,
e01,,1482142925201,charShow,,,a
e01,,1482142925601,charShow,,,b
e01,,1482142925953,screenTap,,,
e01,,1482142926001,charShow,,,a
e01,,1482142926402,charShow,,,a
e01,,1482142926801,charShow,,,b
e01,,1482142927164,screenTap,,,
e01,,1482142927200,charShow,,,a
e01,,1482142927600,charShow,,,b
e01,,1482142928000,charShow,,,a
e01,,1482142928049,screenTap,,,
e01,,1482142928400,charShow,,,a
e01,,1482142928800,charShow,,,b
e01,,1482142929130,screenTap,,,
e01,,1482142929200,charShow,,,a
e01,,1482142929600,charShow,,,a
e01,,1482142930001,charShow,,,b
e01,,1482142930401,charShow,,,a
e01,,1482142930801,charShow,,,b
e01,13,1482142932532,trialStart,lsys,lsys_1_23_80_44213,
e01,,1482142932934,charShow,,,a
e01,,1482142933335,charShow,,,b
e01,,1482142933733,charShow,,,a
e01,,1482142933795,screenTap,,,
e01,,1482142934134,charShow,,,a
e01,,1482142934535,charShow,,,b
e01,,1482142934891,screenTap,,,
e01,,1482142934934,charShow,,,a
e01,,1482142935335,charShow,,,a
e01,,1482142935735,charShow,,,b
e01,,1482142936125,screenTap,,,
e01,,1482142936134,charShow,,,a
e01,,1482142936536,charShow,,,b
e01,,1482142936933,charShow,,,a
e01,,1482142936952,screenTap,,,
e01,,1482142937334,charShow,,,a
e01,,1482142937734,charShow,,,b
e01,,1482142937842,screenTap,,,
e01,,1482142938134,charShow,,,a
e01,,1482142938535,charShow,,,a
e01,,1482142938935,charShow,,,b
e01,,1482142939280,screenTap,,,
e01,,1482142939334,charShow,,,a
e01,,1482142939735,charShow,,,b
e01,,1482142940134,charShow,,,a
e01,,1482142940180,screenTap,,,
e01,,1482142940535,charShow,,,a
e01,,1482142940934,charShow,,,b
e01,,1482142941282,screenTap,,,
e01,,1482142941335,charShow,,,a
e01,,1482142941734,charShow,,,b
e01,,1482142942134,charShow,,,a
e01,,1482142942163,screenTap,,,
e01,,1482142942535,charShow,,,a
e01,,1482142942909,screenTap,,,
e01,,1482142942934,charShow,,,b
e01,,1482142943334,charShow,,,a
e01,,1482142943734,charShow,,,a
e01,,1482142944135,charShow,,,b
e01,,1482142944466,screenTap,,,
e01,,1482142944535,charShow,,,a
e01,,1482142944935,charShow,,,b
e01,,1482142945334,charShow,,,a
e01,,1482142945377,screenTap,,,
e01,,1482142945735,charShow,,,a
e01,,1482142946135,charShow,,,b
e01,,1482142946447,screenTap,,,
e01,,1482142946534,charShow,,,a
e01,,1482142946936,charShow,,,a
e01,,1482142947334,charShow,,,b
e01,,1482142947686,screenTap,,,
e01,,1482142947734,charShow,,,a
e01,,1482142948134,charShow,,,b
e01,,1482142948534,charShow,,,a
e01,,1482142948595,screenTap,,,
e01,,1482142948935,charShow,,,a
e01,,1482142949335,charShow,,,b
e01,,1482142949691,screenTap,,,
e01,,1482142949734,charShow,,,a
e01,,1482142950135,charShow,,,b
e01,,1482142950535,charShow,,,a
e01,,1482142950644,screenTap,,,
e01,,1482142950935,charShow,,,a
e01,,1482142951335,charShow,,,b
e01,,1482142951671,screenTap,,,
e01,,1482142951733,charShow,,,a
e01,,1482142952135,charShow,,,a
e01,,1482142952535,charShow,,,b
e01,,1482142952708,screenTap,,,
e01,,1482142952935,charShow,,,a
e01,,1482142953335,charShow,,,b
e01,,1482142953734,charShow,,,a
e01,,1482142953779,screenTap,,,
e01,,1482142954135,charShow,,,a
e01,,1482142954534,charShow,,,b
e01,,1482142954865,screenTap,,,
e01,,1482142954935,charShow,,,a
e01,,1482142955335,charShow,,,b
e01,,1482142955734,screenTap,,,
e01,,1482142955737,charShow,,,a
e01,,1482142955955,screenTap,,,
e01,,1482142956136,charShow,,,a
e01,,1482142956535,charShow,,,b
e01,,1482142956934,charShow,,,a
e01,,1482142956948,screenTap,,,
e01,,1482142957336,charShow,,,a
e01,,1482142957736,charShow,,,b
e01,,1482142958136,charShow,,,a
e01,,1482142958535,charShow,,,b
e01,,1482142958934,charShow,,,a
e01,,1482142958979,screenTap,,,
e01,,1482142959335,charShow,,,a
e01,,1482142959736,charShow,,,b
e01,,1482142960079,screenTap,,,
e01,,1482142960135,charShow,,,a
e01,,1482142960536,charShow,,,a
e01,,1482142960936,charShow,,,b
e01,,1482142961315,screenTap,,,
e01,,1482142961335,charShow,,,a
e01,,1482142961735,charShow,,,b
e01,,1482142962135,charShow,,,a
e01,,1482142962159,screenTap,,,
e01,,1482142962537,charShow,,,a
e01,,1482142962935,charShow,,,b
e01,,1482142963333,screenTap,,,
e01,,1482142963334,charShow,,,a
e01,,1482142963736,charShow,,,b
e01,,1482142964134,charShow,,,a
e01,,1482142964165,screenTap,,,
e01,,1482142964535,charShow,,,a
e01,14,1482142966141,trialStart,easy,easy_1_23_80_52429,
e01,,1482142966543,charShow,,,a
e01,,1482142966944,charShow,,,a
e01,,1482142967056,screenTap,,,
e01,,1482142967343,charShow,,,b
e01,,1482142967740,screenTap,,,
e01,,1482142967757,charShow,,,a
e01,,1482142968143,charShow,,,a
e01,,1482142968543,charShow,,,b
e01,,1482142968930,screenTap,,,
e01,,1482142968950,charShow,,,a
e01,,1482142969343,charShow,,,b
e01,,1482142969743,charShow,,,a
e01,,1482142969793,screenTap,,,
e01,,1482142970143,charShow,,,a
e01,,1482142970543,charShow,,,b
e01,,1482142970774,screenTap,,,
e01,,1482142970943,charShow,,,a
e01,,1482142971344,charShow,,,a
e01,,1482142971744,charShow,,,b
e01,,1482142972079,screenTap,,,
e01,,1482142972143,charShow,,,a
e01,,1482142972544,charShow,,,b
e01,,1482142972944,charShow,,,a
e01,,1482142973006,screenTap,,,
e01,,1482142973344,charShow,,,a
e01,,1482142973744,charShow,,,b
e01,,1482142974051,screenTap,,,
e01,,1482142974144,charShow,,,a
e01,,1482142974544,charShow,,,a
e01,,1482142974943,charShow,,,b
e01,,1482142975248,screenTap,,,
e01,,1482142975343,charShow,,,a
e01,,1482142975743,charShow,,,b
e01,,1482142976143,charShow,,,a
e01,,1482142976188,screenTap,,,
e01,,1482142976544,charShow,,,a
e01,,1482142976944,charShow,,,b
e01,,1482142977334,screenTap,,,
e01,,1482142977346,charShow,,,a
e01,,1482142977744,charShow,,,a
e01,,1482142978144,charShow,,,b
e01,,1482142978499,screenTap,,,
e01,,1482142978543,charShow,,,a
e01,,1482142978944,charShow,,,b
e01,,1482142979343,charShow,,,a
e01,,1482142979365,screenTap,,,
e01,,1482142979743,charShow,,,a
e01,,1482142980143,charShow,,,b
e01,,1482142980474,screenTap,,,
e01,,1482142980543,charShow,,,a
e01,,1482142980944,charShow,,,a
e01,,1482142981344,charShow,,,b
e01,,1482142981744,charShow,,,a
e01,,1482142981761,screenTap,,,
e01,,1482142982144,charShow,,,b
e01,,1482142982544,charShow,,,a
e01,,1482142982632,screenTap,,,
e01,,1482142982944,charShow,,,a
e01,,1482142983344,charShow,,,b
e01,,1482142983698,screenTap,,,
e01,,1482142983743,charShow,,,a
e01,,1482142984143,charShow,,,a
e01,,1482142984544,charShow,,,b
e01,,1482142984929,screenTap,,,
e01,,1482142984943,charShow,,,a
e01,,1482142985344,charShow,,,b
e01,,1482142985744,charShow,,,a
e01,,1482142985786,screenTap,,,
e01,,1482142986144,charShow,,,a
e01,,1482142986543,charShow,,,b
e01,,1482142986899,screenTap,,,
e01,,1482142986943,charShow,,,a
e01,,1482142987345,charShow,,,a
e01,,1482142987744,charShow,,,b
e01,,1482142988024,screenTap,,,
e01,,1482142988144,charShow,,,a
e01,,1482142988543,charShow,,,b
e01,,1482142988943,charShow,,,a
e01,,1482142988960,screenTap,,,
e01,,1482142989344,charShow,,,a
e01,,1482142989744,charShow,,,b
e01,,1482142990113,screenTap,,,
e01,,1482142990142,charShow,,,a
e01,,1482142990544,charShow,,,a
e01,,1482142990944,charShow,,,b
e01,,1482142991309,screenTap,,,
e01,,1482142991343,charShow,,,a
e01,,1482142991744,charShow,,,b
e01,,1482142992144,charShow,,,a
e01,,1482142992229,screenTap,,,
e01,,1482142992544,charShow,,,a
e01,,1482142992944,charShow,,,b
e01,,1482142993282,screenTap,,,
e01,,1482142993343,charShow,,,a
e01,,1482142993743,charShow,,,a
e01,,1482142994145,charShow,,,b
e01,,1482142994473,screenTap,,,
e01,,1482142994544,charShow,,,a
e01,,1482142994945,charShow,,,b
e01,,1482142995345,charShow,,,a
e01,,1482142995438,screenTap,,,
e01,,1482142995744,charShow,,,a
e01,,1482142996145,charShow,,,b
e01,,1482142996511,screenTap,,,
e01,,1482142996544,charShow,,,a
e01,,1482142996945,charShow,,,a
e01,,1482142997346,charShow,,,b
e01,,1482142997583,screenTap,,,
e01,,1482142997744,charShow,,,a
e01,,1482142998145,charShow,,,b
e01,,1482142998660,screenTap,,,
e01,15,1482142999979,trialStart,golden,golden_4_23_80_50874,
e01,,1482143000390,charShow,,,a
e01,,1482143000791,charShow,,,b
e01,,1482143001151,screenTap,,,
e01,,1482143001191,charShow,,,a
e01,,1482143001591,charShow,,,b
e01,,1482143001990,charShow,,,a
e01,,1482143002025,screenTap,,,
e01,,1482143002390,charShow,,,a
e01,,1482143002791,charShow,,,b
e01,,1482143003170,screenTap,,,
e01,,1482143003190,charShow,,,a
e01,,1482143003591,charShow,,,b
e01,,1482143003990,charShow,,,a
e01,,1482143004072,screenTap,,,
e01,,1482143004390,charShow,,,b
e01,,1482143004791,charShow,,,a
e01,,1482143004865,screenTap,,,
e01,,1482143005190,charShow,,,a
e01,,1482143005591,charShow,,,b
e01,,1482143005969,screenTap,,,
e01,,1482143005992,charShow,,,a
e01,,1482143006390,charShow,,,a
e01,,1482143006790,charShow,,,b
e01,,1482143007129,screenTap,,,
e01,,1482143007191,charShow,,,a
e01,,1482143007591,charShow,,,a
e01,,1482143007990,charShow,,,b
e01,,1482143008385,screenTap,,,
e01,,1482143008405,charShow,,,a
e01,,1482143008791,charShow,,,b
e01,,1482143009191,charShow,,,a
e01,,1482143009327,screenTap,,,
e01,,1482143009591,charShow,,,a
e01,,1482143009991,charShow,,,b
e01,,1482143010365,screenTap,,,
e01,,1482143010391,charShow,,,a
e01,,1482143010791,charShow,,,a
e01,,1482143011192,charShow,,,b
e01,,1482143011520,screenTap,,,
e01,,1482143011591,charShow,,,a
e01,,1482143011992,charShow,,,b
e01,,1482143012391,charShow,,,a
e01,,1482143012526,screenTap,,,
e01,,1482143012791,charShow,,,a
e01,,1482143013191,charShow,,,b
e01,,1482143013553,screenTap,,,
e01,,1482143013591,charShow,,,a
e01,,1482143013992,charShow,,,a
e01,,1482143014392,charShow,,,b
e01,,1482143014580,screenTap,,,
e01,,1482143014791,charShow,,,a
e01,,1482143015192,charShow,,,a
e01,,1482143015591,charShow,,,b
e01,,1482143015918,screenTap,,,
e01,,1482143015992,charShow,,,a
e01,,1482143016392,charShow,,,a
e01,,1482143016791,charShow,,,b
e01,,1482143017141,screenTap,,,
e01,,1482143017191,charShow,,,a
e01,,1482143017592,charShow,,,a
e01,,1482143017993,charShow,,,b
e01,,1482143018300,screenTap,,,
e01,,1482143018392,charShow,,,a
e01,,1482143018792,charShow,,,a
e01,,1482143019192,charShow,,,b
e01,,1482143019552,screenTap,,,
e01,,1482143019592,charShow,,,a
e01,,1482143019991,charShow,,,b
e01,,1482143020391,charShow,,,a
e01,,1482143020472,screenTap,,,
e01,,1482143020791,charShow,,,b
e01,,1482143021192,charShow,,,a
e01,,1482143021390,screenTap,,,
e01,,1482143021592,charShow,,,a
e01,,1482143021991,charShow,,,b
e01,,1482143022392,charShow,,,a
e01,,1482143022469,screenTap,,,
e01,,1482143022792,charShow,,,b
e01,,1482143023192,charShow,,,a
e01,,1482143023592,charShow,,,b
e01,,1482143023958,screenTap,,,
e01,,1482143023992,charShow,,,a
e01,,1482143024391,charShow,,,b
e01,,1482143024791,charShow,,,a
e01,,1482143024831,screenTap,,,
e01,,1482143025192,charShow,,,b
e01,,1482143025545,screenTap,,,
e01,,1482143025591,charShow,,,a
e01,,1482143025992,charShow,,,b
e01,,1482143026351,screenTap,,,
e01,,1482143026392,charShow,,,a
e01,,1482143026791,charShow,,,a
e01,,1482143027192,charShow,,,b
e01,,1482143027396,screenTap,,,
e01,,1482143027592,charShow,,,a
e01,,1482143027991,charShow,,,b
e01,,1482143028370,screenTap,,,
e01,,1482143028391,charShow,,,a
e01,,1482143028791,charShow,,,b
e01,,1482143029190,screenTap,,,
e01,,1482143029191,charShow,,,a
e01,,1482143029591,charShow,,,a
e01,,1482143029991,charShow,,,b
e01,,1482143030024,screenTap,,,
e01,,1482143030391,charShow,,,a
e01,,1482143030792,charShow,,,b
e01,,1482143031191,charShow,,,a
e01,,1482143031208,screenTap,,,
e01,,1482143031591,charShow,,,a
e01,,1482143031992,charShow,,,b
e01,,1482143032247,screenTap,,,
